"Model","Scenario","Region","Variable","Unit","2015","2016","2017","2018","2019","2020","2021","2022","2023","2024","2025","2026","2027","2028","2029","2030","2031","2032","2033","2034","2035","2036","2037","2038","2039","2040","2041","2042","2043","2044","2045","2046","2047","2048","2049","2050","2051","2052","2053","2054","2055","2056","2057","2058","2059","2060","2061","2062","2063","2064","2065","2066","2067","2068","2069","2070","2071","2072","2073","2074","2075","2076","2077","2078","2079","2080","2081","2082","2083","2084","2085","2086","2087","2088","2089","2090","2091","2092","2093","2094","2095","2096","2097","2098","2099","2100"
"REMIND-MAgPIE 2.1-4.2","NGFS2_Net-Zero 2050","World","AR6 climate diagnostics|Infilled|Emissions|Kyoto Gases (AR6-GWP100)","Mt CO2-equiv/yr",54308.53154123,54291.08305010423,54273.67779063848,54256.315746849614,54238.99693485146,54221.72134866568,51505.08588161592,48789.47131574367,46074.87764139096,43361.30486564185,40648.75298125584,38270.50188054226,35893.59803825476,33518.04143448505,31143.832087452032,28770.970001690814,27287.376507127825,25804.732614003107,24323.038325098423,22842.293650341115,21362.498579792755,20306.038777053367,19250.41089728781,18195.614946480207,17141.650917928517,16088.518812574315,15274.139357858025,14460.446678339013,13647.44077770007,12835.121658675693,12023.48931205431,11405.372314604025,10787.736976236729,10170.58330347925,9553.911293451742,8937.720946157677,8663.049235912244,8388.595219633198,8114.358889046435,7840.340249666991,7566.539304088027,7453.949609359529,7341.403432083102,7228.900769405085,7116.441619622558,7004.02598448542,6980.54757336799,6957.046483682638,6933.522709922587,6909.976261338476,6886.407128670284,6862.938994588762,6839.448683614938,6815.936189297075,6792.401519982111,6768.844671013458,6763.220416742403,6757.547698878077,6751.826504462073,6746.056845448279,6740.238712589035,6734.413891680242,6728.540884360349,6722.619688725977,6716.650301188425,6710.632729131223,6683.574964989869,6656.515479138474,6629.45427057888,6602.391339340036,6575.326684371692,6548.226899207273,6521.125033029364,6494.021084820915,6466.915056611246,6439.806947345896,6403.097461197902,6366.386784645499,6329.6749166655045,6292.961857271361,6256.247605483097,6219.533010059818,6182.817223256106,6146.100244041994,6109.382074425264,6072.662713369893
"REMIND-MAgPIE 2.1-4.2","EN_NPi2020_600_COV","World","AR6 climate diagnostics|Infilled|Emissions|Kyoto Gases (AR6-GWP100)","Mt CO2-equiv/yr",54308.53154123,54005.1700230506,53702.29668124834,53399.911511484825,53098.01452107071,52796.60569709124,50256.67746051042,47718.51141472701,45182.10757237592,42647.46592356841,40114.5864684003,38418.30209858783,36723.7283580823,35030.86526530413,33339.71279184684,31650.27096058256,30389.696497061992,29130.61032771975,27873.01245265904,26616.90288463368,25362.281613566058,24504.16604173832,23647.17600851625,22791.31151558016,21936.5725585042,21082.959144502936,20312.459874499345,19543.029237703344,18774.667243261872,18007.37388896548,17241.14917031542,16369.023677481671,15498.07133829666,14628.29215483559,13759.686125891669,12892.253254449735,12331.982895875022,11772.501801785556,11213.80996391958,10655.907387818444,10098.7940716684,9777.088127570323,9455.808579762315,9134.955430743314,8814.528685847527,8494.528337062342,8474.3539800443,8454.185674683957,8434.023420910926,8413.867215975964,8393.717062572492,8373.66929316577,8353.628562346938,8333.594875491635,8313.568227361024,8293.548620410604,8277.275282877521,8260.952808157688,8244.581187856396,8228.160424860824,8211.69052195329,8195.092094130578,8178.443792035985,8161.745615652172,8144.99756763804,8128.199642517688,8077.780985076145,8027.357172351992,7976.928204536968,7926.494081392207,7876.054802985064,7825.867463176041,7775.677326013068,7725.484391515685,7675.288659693693,7625.090130488889,7609.5385933394755,7593.98645069338,7578.433702386695,7562.8803485262115,7547.3263891253055,7532.084829532921,7516.8454780263855,7501.608334613971,7486.3733992685775,7471.140672011892
"C-ROADS-5.005","Ratchet-1.5-noCDR","World","AR6 climate diagnostics|Infilled|Emissions|Kyoto Gases (AR6-GWP100)","Mt CO2-equiv/yr",54308.53154123,54134.11213854199,53959.7663340092,53785.494132291,53611.29555163301,53437.1705664253,53262.61799607438,53087.839892340926,52912.836227693486,52737.60702272055,52562.15227952948,48526.244384602,44492.13090469513,40459.8118455524,36429.28719828092,32400.55698152621,29846.69733109731,27293.11816617506,24739.819484590844,22186.80127883816,19634.0635576355,18043.804327745707,16453.887074588652,14864.311800400936,13275.078500443891,11686.187181236566,10762.766304948893,9839.61174341998,8916.723495291815,7994.101559204952,7071.745938117937,6527.017400834114,5982.577632241741,5438.426632078117,4894.564396790004,4350.990932739329,4110.146302064098,3869.439965979895,3628.871916918502,3388.442157672,3148.1506902318765,3089.811674772317,3031.623995822875,2973.587651467046,2915.7026436339743,2857.9689700958447,2820.426880545208,2783.075675378352,2745.9153586780944,2708.94593020154,2672.167387914012,2643.16551318356,2614.3551442214566,2585.736283060796,2557.308923629382,2529.073069951661,2499.169845547739,2469.484965196088,2440.018422855906,2410.7702253901343,2381.740369981473,2354.381881986212,2327.242074581363,2300.320946225873,2273.6184974290213,2247.1347276642514,2272.21140828784,2297.2863662439454,2322.3596014740506,2347.4311140115583,2372.500903848644,2396.7402790118203,2420.977572162279,2445.212784286556,2469.445915365304,2493.676965468881,2508.743476628583,2523.808796410935,2538.872925784868,2553.9358627087404,2568.997608258492,2582.633404823685,2596.2680099910967,2609.9014237539195,2623.533646130592,2637.164678060944
"MESSAGEix-GLOBIOM_1.1","EN_NPi2020_600_DR1p","World","AR6 climate diagnostics|Infilled|Emissions|Kyoto Gases (AR6-GWP100)","Mt CO2-equiv/yr",54308.53154123,54571.816015789576,54834.99878174811,55098.07983903376,55361.05918232604,55623.93681984834,52190.58860292889,48755.65790062121,45319.14473274076,41881.04908893083,38441.37095653275,36062.23974989694,33681.92636753887,31300.43078429104,28917.753022809306,26533.89307425005,25380.755738777843,24226.818552190707,23072.081551072977,21916.54470608105,20760.20802599062,19905.219939438328,19049.86428488132,18194.14107537501,17338.05030459806,16481.591975196032,15760.9758851251,15040.051834448475,14318.81982711056,13597.279859617376,12875.43193331911,12309.108916610556,11742.69788780908,11176.198847189466,10609.611794586532,10042.936731452855,9685.339529533449,9327.652225487156,8969.874822672386,8612.007321051737,8254.049719891786,8000.685301198822,7747.160177762758,7493.474344606454,7239.627807016591,6985.620562344286,6860.941650345799,6736.273759772332,6611.616889982764,6486.971046963898,6362.336222226851,6237.779890655032,6113.235215560066,5988.702202620679,5864.180851054452,5739.671158590925,5739.448457952138,5739.428469733691,5739.6111938790245,5739.996629091997,5740.58477473763,5741.339454803922,5742.296517968516,5743.455965831078,5744.817796461532,5746.382015333884,5750.781623567795,5755.178778948575,5759.573479759806,5763.965730923206,5768.355530613786,5772.844169956877,5777.331369416797,5781.817134951568,5786.301465050068,5790.784356876119,5794.705399119123,5798.626333109567,5802.547166615231,5806.4678955331465,5810.38851999313,5814.490974256753,5818.595056396529,5822.700771430713,5826.808117385097,5830.917093752852
"MESSAGEix-GLOBIOM_1.2","COV_SelfReliance_550","World","AR6 climate diagnostics|Infilled|Emissions|Kyoto Gases (AR6-GWP100)","Mt CO2-equiv/yr",54308.53154123,54065.39019097274,53821.73752624422,53577.57356620316,53332.89829435115,53087.71171876592,49372.00020696296,45431.891884105,42480.77675006153,39822.85614372969,38102.00633749705,35494.80523869847,32886.1540814873,30276.052837758245,27664.501535600903,25051.500160289423,23752.72427126551,22452.97867456095,21152.263353593564,19850.5783249859,18547.923588166297,17585.587229383043,16622.753393512474,15659.422079469578,14695.59328565004,13731.267017904203,12994.6374725962,12257.692053877428,11520.430758791275,10782.853591215724,10044.960543266472,9452.589594792003,8860.044771906523,8267.326075063174,7674.433504223205,7081.367058826205,6748.341024969055,6415.221752256274,6082.009243722693,5748.703499363572,5415.304515119391,5432.734784229596,5450.255124730382,5467.865533816897,5485.566015474162,5503.356569324666,5512.884392466707,5522.536864410007,5532.313983056436,5542.215748719676,5552.242159971375,5562.460606784156,5572.804338403055,5583.2733548645165,5593.867654140696,5604.587236088436,5616.32753817084,5628.234866540623,5640.3092244785885,5652.550612575212,5664.959027169616,5677.49829192268,5690.2042600255645,5703.076926814789,5716.116297958352,5729.322368340265,5734.522158732204,5739.719500791292,5744.91438650792,5750.106821212088,5755.296803903396,5760.585628316924,5765.873014071712,5771.158961685031,5776.44347650626,5781.726550608347,5785.390675853441,5789.054713871366,5792.7186593004,5796.382517694805,5800.046283756319,5803.891893824384,5807.739152031678,5811.588052466963,5815.438601204517,5819.290792122262
"REMIND-MAgPIE 2.1-4.3","DeepElec_SSP2_ HighRE_Budg900","World","AR6 climate diagnostics|Infilled|Emissions|Kyoto Gases (AR6-GWP100)","Mt CO2-equiv/yr",54308.53154123,54940.17752735049,55572.17765622259,56204.53191777468,56837.240314735296,57470.30286694648,54679.742909310735,51888.33437504882,49096.07726423704,46302.971583894185,43509.0173196655,40738.26533980168,37966.72464339614,35194.39524043622,32421.277123765456,29647.37030048345,28131.17499101091,26614.535980847417,25097.45325443096,23579.9268228694,22061.956677743547,21014.89690239891,19967.54001734192,18919.88602008507,17871.934904628142,16823.686673926157,16017.954312245858,15211.999562661498,14405.82242339507,13599.42289721947,12792.800986852471,12306.084424014864,11819.2304399221,11332.239037451503,10845.110215560511,10357.843972503406,10088.358001596194,9818.80773280752,9549.193164425207,9279.514296844103,9009.77113012379,8826.410912678006,8643.00240803069,8459.545627112126,8276.04055882411,8092.487208875946,8003.354290810967,7914.186622214466,7824.984203021127,7735.747035769987,7646.475115161917,7557.405998994415,7468.302633398183,7379.165020135611,7289.993154705688,7200.787042537457,7145.923697643245,7091.021083592913,7036.07919782027,6981.098044712177,6926.077618083225,6871.276647390492,6816.436689468029,6761.557743403454,6706.63980565425,6651.682882449666,6582.016741163216,6512.348878187314,6442.679291489812,6373.007983148473,6303.33495102119,6233.15550685958,6162.97398064302,6092.790373405111,6022.6046861717305,5952.4169168791295,5915.78579974078,5879.15349014745,5842.51999018276,5805.885297738289,5769.24941496166,5732.55266680331,5695.85472723657,5659.15559729147,5622.455274911549,5585.75376211746
"MESSAGEix-GLOBIOM_1.1","EN_NPi2020_600_DR2p","World","AR6 climate diagnostics|Infilled|Emissions|Kyoto Gases (AR6-GWP100)","Mt CO2-equiv/yr",54308.53154123,54565.88353372466,54823.15195687965,55080.336823611775,55337.43811537113,55594.4558480219,52194.44347853651,48792.93901282839,45389.94245105464,41985.45379544613,38579.47305656178,36237.44299569416,33894.287872300585,31550.0076663088,29204.60238493637,26858.072030859523,25702.53369121544,24546.17550112548,23388.997470779035,22230.99959751057,21072.181863761347,20204.268365554904,19335.96092186968,18467.25954195205,17598.164220889532,16728.67496131859,15946.892516364464,15164.782454475251,14382.3447775603,13599.579482842408,12816.486573872951,12175.271214746392,11533.87148865767,10892.28740065922,10250.518946686336,9608.566127081534,9227.165462826784,8845.644797161973,8464.004129461282,8082.243460828491,7700.362791106139,7448.382605106894,7196.305370895397,6944.1310914736505,6691.859764014153,6439.491388630288,6362.3112857572205,6285.149968244004,6208.007430434194,6130.883678522318,6053.778707861351,5976.759990056614,5899.7606931183245,5822.780815343316,5745.820359148,5668.879325850272,5673.630489224956,5678.568847985071,5683.694404249596,5689.00714951217,5694.507091070554,5700.158047270189,5705.995867832974,5712.020558424188,5718.232112864073,5724.630536142367,5730.420227627835,5736.207467556512,5741.992255641869,5747.774590404286,5753.554475118704,5759.433200091531,5765.310488747307,5771.186341184365,5777.060755296741,5782.93373490609,5786.1874120965485,5789.440986298437,5792.694454365426,5795.947821113595,5799.201084306304,5802.636174863433,5806.072899392042,5809.511255415531,5812.951242807099,5816.392858305998
"REMIND-MAgPIE 1.7-3.0","PEP_2C_red_eff","World","AR6 climate diagnostics|Infilled|Emissions|Kyoto Gases (AR6-GWP100)","Mt CO2-equiv/yr",54308.53154123,54639.71362699184,54970.92326385213,55302.16044543089,55633.42519068952,55964.71749153638,53692.82676116339,51419.91317741035,49145.97676775006,46871.01751137725,44595.03540948742,42480.392233012135,40365.34997652225,38249.90866703048,36134.06828210513,34017.82881712462,32078.638287175483,30139.131458603468,28199.30832428492,26259.16889141169,24318.71315277101,23075.534695533483,21832.42280224344,20589.37745593938,19346.39868049464,18103.486450480115,17070.29265784767,16036.97310647045,15003.527794280652,13969.956720486023,12936.259886625156,12305.304777316014,11674.385715806282,11043.50269740432,10412.655725212688,9781.844799034316,9288.67573109672,8795.456797830171,8302.187996275872,7808.869329328256,7315.500791361588,7061.816778750859,6808.154346042624,6554.513494768336,6300.894220929558,6047.29653112193,5911.931314899615,5776.549615462912,5641.151436009478,5505.736772323435,5370.305626417981,5234.857998517867,5099.393887359984,4963.913296758568,4828.416218612375,4692.902663813012,4728.489791530464,4764.027521809676,4799.515852261307,4834.954786746589,4870.344321759732,4905.684461063865,4940.975198826497,4976.216539562889,5011.408482839301,5046.551029116504,5074.614160067929,5102.675389140534,5130.73471536603,5158.792140731597,5186.847664217513,5214.901285855548,5242.953005654675,5271.00282355076,5299.05073963122,5327.0967537852,5280.72759653261,5234.35724784446,5187.98570777291,5141.612976249589,5095.23905339166,5048.86393903159,5002.48763331551,4956.11013621278,4909.73144761704,4863.351567683129
"MESSAGEix-GLOBIOM_1.1","EN_NPi2020_600_DR3p","World","AR6 climate diagnostics|Infilled|Emissions|Kyoto Gases (AR6-GWP100)","Mt CO2-equiv/yr",54308.53154123,54568.57966886104,54828.56521513614,55088.48819813747,55348.34860440362,55608.14643646139,52235.485620410254,48861.46052793048,45486.07117469324,42109.31754227828,38731.19964629542,36427.99573156504,34123.62885409787,31818.099026627315,29511.40625386218,27203.55053002023,25992.113376422505,24779.801129786552,23566.61380740584,22352.55138681176,21137.61388607064,20268.07435736112,19398.14187382269,18527.8164415324,17657.09805752627,16785.986719349603,15975.10203352738,15163.862725409492,14352.268801144006,13540.32025479687,12728.017088684326,12064.558451120676,11400.895726429617,10737.028911488387,10072.958011137418,9408.683021959518,8999.826167786814,8590.82050169863,8181.666028113435,7772.362743078451,7362.910646568547,7087.823343079015,6812.592929759834,6537.219412120602,6261.70278497165,5986.043053295609,5955.743636231731,5925.487622715364,5895.275006982757,5865.10578937102,5834.979972161092,5804.965023347114,5774.994112140547,5745.067236755109,5715.184399895962,5685.345599837064,5687.978850766388,5690.812405140233,5693.846270376936,5697.08044153226,5700.514918464323,5704.113522429448,5707.912109176032,5711.910675152836,5716.109218579059,5720.507743698944,5727.16879218224,5733.827383275007,5740.483521162742,5747.137209632779,5753.788440640655,5760.538510533631,5767.287146688687,5774.034340650783,5780.78009666592,5787.524418474134,5790.044451913429,5792.564386388583,5795.084219828606,5797.60395388808,5800.123588262594,5802.825056067249,5805.528159668103,5808.232897491136,5810.93927127937,5813.647279138204
"MESSAGEix-GLOBIOM_1.1","EN_NPi2020_450","World","AR6 climate diagnostics|Infilled|Emissions|Kyoto Gases (AR6-GWP100)","Mt CO2-equiv/yr",54308.53154123,54628.38804630374,54948.259545682224,55268.14602583844,55588.04748462757,55907.96394122733,51712.47726637195,47514.940561716336,43315.35384229767,39113.71709246188,34910.03032261588,32210.78212638697,29510.160521105903,26808.16548058913,24104.79702247405,21400.05514411517,20186.987544000844,18973.132904404087,17758.491233408637,16543.062521410124,15326.84677066541,14377.847592615542,13428.41549198598,12478.55047144384,11528.252527231562,10577.521661372672,9917.98972942335,9258.30241845076,8598.459725068851,7938.461653118349,7278.308202466,6832.722072750005,6387.146825120522,5941.582456603709,5496.028969599306,5050.486365426432,5060.275427041261,5070.178664640981,5080.196075610429,5090.327665272799,5100.573427342539,5126.892817655365,5153.264569165744,5179.688682033311,5206.165157755489,5232.693993735736,5266.165712443883,5299.674275963621,5333.219681026589,5366.801928975207,5400.421018249454,5434.144316121371,5467.905092014178,5501.703349966936,5535.539084721213,5569.412300391881,5588.2428386872425,5607.207242769325,5626.305512819647,5645.537646540189,5664.90364702707,5684.366231199773,5703.962341487655,5723.691978948137,5743.555143000419,5763.551834098981,5770.365835582852,5777.177364889035,5783.986417564896,5790.792996818878,5797.59710008162,5804.501483413523,5811.404424823803,5818.3059184035465,5825.205968648188,5832.10457401401,5835.195600774181,5838.286540166403,5841.377385808834,5844.468141429476,5847.558809006799,5850.831318022349,5854.105471265991,5857.381269196673,5860.658714285244,5863.937800981906
"GCAM 5.3","R_MAC_35_n8","World","AR6 climate diagnostics|Infilled|Emissions|Kyoto Gases (AR6-GWP100)","Mt CO2-equiv/yr",54308.53154123,54687.24414191641,55065.58362452133,55443.549985760736,55821.143215760974,56198.36333796767,52285.4374656648,48375.05898895551,44467.2279123016,40561.94423848657,36659.20795999272,33441.40005172434,30224.69260472729,27009.08560113495,23794.57905663689,20581.17296338168,17300.19808246572,14020.43121411834,10741.87235437876,7464.521499949141,4188.37865447259,4220.07231936101,4251.38875304203,4282.327942338281,4312.889897287959,4343.074618335881,4316.066086254141,4288.946911526209,4261.717086809149,4234.37662318376,4206.925510351559,4194.024804608381,4181.010265303739,4167.88188006466,4154.639663489819,4141.283607574741,4080.9548037951295,4020.61720213503,3960.27080571591,3899.915614254409,3839.55162973449,3815.404098329549,3791.23383019776,3767.0408229358295,3742.825077218341,3718.586590211321,3699.779480184619,3680.952162709031,3662.104633082681,3643.2368976054304,3624.34895031014,3601.97412909494,3579.5907761927,3557.198888992221,3534.798468492701,3512.38951450895,3492.310135442671,3472.207868069669,3452.0827158209304,3431.9346770412703,3411.7637489674494,3391.02854207239,3370.2655081343987,3349.47464723839,3328.6559592857707,3307.8094444554595,3305.471636675439,3303.132107262969,3300.7908566633105,3298.4478817654003,3296.1031831835203,3289.43016424191,3282.7550625358404,3276.077881453128,3269.39861954386,3262.7172736815496,3251.28111003601,3239.8437538694907,3228.4052007845003,3216.96546293354,3205.5245325695205,3191.2580903843404,3176.99045760608,3162.721636251059,3148.451617060021,3134.180410104801
"MESSAGEix-GLOBIOM_1.2","COV_SmartUse_550","World","AR6 climate diagnostics|Infilled|Emissions|Kyoto Gases (AR6-GWP100)","Mt CO2-equiv/yr",54308.53154123,54078.76097056774,53848.494077591415,53617.73087304644,53386.47135605033,53154.71552743391,48978.71165854094,44904.41688433322,41896.18797952935,39226.37255210523,37491.350977592905,34982.84747264617,32473.00750855478,29961.83109704145,27449.31823691377,24935.46891088426,23680.28075708507,22424.171127552985,21167.140043218365,19909.187493191224,18650.31347611728,17710.501151012042,16770.212239200835,15829.446742093498,14888.20466017824,13946.485992367265,13215.89723479232,12485.009274287968,11753.822114030976,11022.335752828943,10290.550187867952,9685.742510341464,9080.756100453144,8475.590961819134,7870.247090937684,7264.724490618765,6895.905984527595,6526.959006066634,6157.883549512952,5788.679615022572,5419.347203896971,5434.774342299876,5450.298185051581,5465.918725284238,5481.635970219482,5497.449915516187,5503.479102526487,5509.646875264107,5515.953236218296,5522.398183912736,5528.981718184696,5535.771228811556,5542.699961897596,5549.767918822636,5556.975098285836,5564.321504480036,5575.574428665461,5586.998250303444,5598.592969589648,5610.358590192312,5622.295107170176,5634.36634573012,5646.608157517304,5659.020539875628,5671.603496731332,5684.357023248805,5689.402464893304,5694.445456441052,5699.4859966872,5704.5240808357485,5709.559717012296,5714.694189021164,5719.827227929152,5724.958829939152,5730.088991281919,5735.217719729027,5738.439261605941,5741.660713543126,5744.882076325,5748.103345604065,5751.32452443982,5754.727546093944,5758.132214433498,5761.538524085863,5764.946477796697,5768.356075569922
"REMIND-MAgPIE 2.1-4.2","NGFS2_Net-Zero 2050 - IPD-95th","World","AR6 climate diagnostics|Infilled|Emissions|Kyoto Gases (AR6-GWP100)","Mt CO2-equiv/yr",54308.53154123,54280.49881096423,54252.516565148486,54224.584806049614,54196.70353159147,54168.87274119569,51044.71987272592,47921.80109592367,44800.11640021096,41679.665790801846,38560.44926057584,36268.56171024226,33978.02835413476,31688.84916961505,29401.02416659204,27114.55333785081,25780.267630907827,24446.871527563108,23114.36501967842,21782.748118221112,20452.02081767276,19490.597756083367,18529.957912167807,17570.101308280206,16611.027932078516,15652.737790814315,14866.368652888024,14080.675770119013,13295.659150830072,12511.31878765569,11727.65468415431,11121.869242314024,10516.563056616726,9911.73611608925,9307.388427761742,8703.519990497676,8420.437817202243,8137.582210263198,7854.953175446435,7572.55071014699,7290.374813168028,7163.299545189529,7036.278972873102,6909.313092755086,6782.401901862558,6655.54540867542,6618.323926407989,6581.090517862639,6543.845185722586,6506.587932838475,6469.318750890285,6432.161326218762,6394.992477734938,6357.812204717075,6320.620508872111,6283.417390183458,6259.947691452402,6236.444232578077,6212.907021892074,6189.336053788279,6165.731328329033,6142.134629310242,6118.504457520348,6094.840807445977,6071.143690208425,6047.413095631223,6002.489966139869,5957.565114938474,5912.638541028879,5867.710244440035,5822.780224121691,5777.815073607272,5732.847842079364,5687.878528520916,5642.907134961246,5597.933660345897,5538.078756557902,5478.2226623655,5418.365376745505,5358.506899711361,5298.647230283098,5238.787217219817,5178.926012776106,5119.063615921996,5059.200028665265,4999.335249969894
"GCAM 5.3","R_MAC_45_n8","World","AR6 climate diagnostics|Infilled|Emissions|Kyoto Gases (AR6-GWP100)","Mt CO2-equiv/yr",54308.53154123,54687.24328191641,55065.58189452133,55443.54739576074,55821.13976576097,56198.35901796767,53650.95282342,51105.3743486964,48561.623584050496,46019.70053934685,43479.6052011534,41557.46787322053,39635.863325061466,37714.79156969764,35794.25258441508,33874.24636632947,31909.18472142062,29944.74662106025,27980.932054864978,26017.74104083687,24055.17356838774,22112.01139145158,20169.42829091252,18227.424261231,16285.9993051375,14345.15342175164,12314.09127244797,10283.850068585609,8254.42981102352,6225.8304996262905,4198.052134169661,4187.10791732635,4176.021962290481,4164.794265961469,4153.424833403399,4141.91366341468,4079.575628010929,4017.2448248149904,3954.9212654843295,3892.6049419734895,3830.29585347894,3806.682368132801,3783.05040855583,3759.39996780791,3735.73105539514,3712.043665855321,3694.0903807734094,3676.1158159560086,3658.119963629339,3640.102834178969,3622.06442231906,3601.7718824219096,3581.4600939207085,3561.12905482448,3540.7787689955003,3520.4092314900104,3501.00141581902,3481.5650673296,3462.1001848055494,3442.606775851369,3423.084833040139,3401.001169289259,3378.89470225236,3356.76543561353,3334.6133729371904,3312.4385026501704,3307.8371718582894,3303.2341184713605,3298.629342369739,3294.0228436731804,3289.41462217494,3280.388446936019,3271.3601924117493,3262.3298580663286,3253.2974396930504,3244.2629421058405,3232.1112181152,3219.95830001939,3207.8041905155205,3195.6488894209706,3183.49239617645,3164.5467349863984,3145.5998786856703,3126.65183456299,3107.70259819598,3088.7521676362903
"MESSAGEix-GLOBIOM_1.1","EN_NPi2020_600_DR4p","World","AR6 climate diagnostics|Infilled|Emissions|Kyoto Gases (AR6-GWP100)","Mt CO2-equiv/yr",54308.53154123,54598.76030255213,54888.9761538173,55179.1791030127,55469.36913907993,55759.54627551338,52447.16239993102,49133.3655542624,45818.15575205517,42501.532976717295,39183.49724047924,36871.94064081747,34559.30009148986,32245.57557556717,29930.76711031229,27614.87468814337,26334.89707842711,25054.013624826,23772.22431275916,22489.529156429944,21205.92814608364,20312.350673626144,19418.3693372752,18523.984136695337,17629.195073467945,16734.00214936826,15897.30456989912,15060.236452432146,14222.797798229203,13384.98860856384,12546.808878015076,11871.950106524042,11196.865020975696,10521.553618988884,9846.015903028385,9170.25186876489,8729.5912074354,8288.754907380704,7847.742966459175,7406.555387099208,6965.19216935864,6675.222585702469,6385.122203781469,6094.891026019119,5804.529050757737,5514.036276373056,5527.230548181581,5540.499160273464,5553.842116955279,5567.259416426183,5580.751059149236,5594.384510313978,5608.092945415133,5621.876358957656,5635.734753474168,5649.6681300098735,5656.671304866362,5663.851748335693,5671.209462253023,5678.744451232893,5686.456711386063,5694.3100630283725,5702.340361928843,5710.547604558413,5718.931789555463,5727.492924549093,5732.96910149613,5738.442830802546,5743.914111145385,5749.382940300801,5754.849319412037,5760.414540967155,5765.978327093612,5771.5406785509695,5777.101591841087,5782.661074704203,5783.953866960488,5785.246567238913,5786.539180404869,5787.8317048162135,5789.12414385489,5790.598425775835,5792.074354327251,5793.551929058396,5795.031153471441,5796.512021917757
"GEM-E3_V2021","EN_NPi2020_600_COV","World","AR6 climate diagnostics|Infilled|Emissions|Kyoto Gases (AR6-GWP100)","Mt CO2-equiv/yr",54308.53154123,54138.98663983259,53969.375952908,53799.6994849389,53629.95723177411,53460.1491972459,51271.009804968846,49082.60823796753,46894.944506605134,44708.01861033832,42521.83054442813,40776.703445310246,39032.08871345075,37287.986341674805,35544.396341359345,33801.31870009414,32042.30414124318,30284.35213902513,28527.462690740293,26771.635798717467,25016.871450620347,23469.66315337876,21923.346269329744,20377.9208113458,18833.386763460825,17289.74413521397,15888.967747107235,14488.838126151211,13089.355277871698,11690.519199478056,10292.329887548824,9477.53978639216,8663.042515442849,7848.838069522735,7034.926451135503,6221.307662535491,6001.765550097471,5782.232278838719,5562.70785212812,5343.19226635404,5123.685521266079,5204.473533913443,5285.129212628505,5365.652553474929,5446.0435587007805,5526.302228001224,5569.70463752246,5613.036106670284,5656.29663891189,5699.486227105275,5742.60487513201,5793.411373897856,5844.1371135444815,5894.782089162837,5945.346303953042,5995.829753225827,6072.223209402529,6148.473967691173,6224.582031745576,6300.547395678899,6376.370065929962,6421.762272818305,6467.055826972109,6512.25072725943,6557.346977813465,6602.344575296487,6649.756458771773,6697.1674561025375,6744.577569078334,6791.986795206239,6839.395137485224,6876.4817112892,6913.567151190704,6950.651462615821,6987.734646396646,7024.81669762273,7052.480516126744,7080.143809175306,7107.806577101878,7135.468816915601,7163.130534653674,7183.463734547056,7203.79640904537,7224.128558840251,7244.460182849144,7264.791279240186
"REMIND 2.1","CEMICS_opt_1p5","World","AR6 climate diagnostics|Infilled|Emissions|Kyoto Gases (AR6-GWP100)","Mt CO2-equiv/yr",54308.53154123,54341.13460093943,54373.92854745476,54406.913396480384,54440.089152416615,54473.45579529244,52351.275240971794,50229.85754040439,48109.20269336854,45989.31069281137,43870.18155325686,42060.09019447539,40250.92613588837,38442.68937209127,36635.379893001096,34828.99772694746,33068.31673559375,31308.70378027899,29550.15887553376,27792.68200136948,26036.27317324218,24650.73363993729,23266.12764220869,21882.45518899106,20499.71627587776,19117.91089779416,18114.238306189345,17111.312993979023,16109.134968578854,15107.704220762183,14107.020753249904,13310.700970234291,12514.95582585902,11719.78532748201,10925.189469479928,10131.168256728017,9867.883336591483,9604.811728229495,9341.95343419928,9079.308446314804,8816.876772752898,8830.487286528403,8844.097652623797,8857.707873816413,8871.317950008648,8884.927881330901,8874.19597689038,8863.449992529777,8852.689925697325,8841.915779015964,8831.127549695771,8820.37127442263,8809.601417458858,8798.817978538635,8788.020960478983,8777.21036342736,8735.71984133378,8694.211841764429,8652.686359101714,8611.143393392103,8569.58294751121,8528.032342547818,8486.464536343246,8444.879534471753,8403.277331539439,8361.657930040448,8398.059731190486,8434.459809596772,8470.858165315269,8507.254798355287,8543.649708644625,8580.00637165808,8616.360953636467,8652.713454592125,8689.063874544412,8725.41221334157,8609.429342948535,8493.44528113854,8377.460027903095,8261.47358324273,8145.485947210505,8029.497120838801,7913.507103057406,7797.515893909433,7681.523493314457,7565.529901301672
"REMIND-MAgPIE 2.1-4.2","CEMICS_SSP2-1p5C-fullCDR","World","AR6 climate diagnostics|Infilled|Emissions|Kyoto Gases (AR6-GWP100)","Mt CO2-equiv/yr",54308.53154123,54331.48977130942,54354.63852860476,54377.97779876038,54401.50759077663,54425.22790839245,52171.2173255988,49917.78526580623,47664.93173901306,45412.656738043705,43160.96026021412,41633.68748240711,40107.23149536472,38581.59228091217,37056.769859991735,35532.764224412,33788.49254188875,32045.332149307847,30303.28303392628,28562.34520856146,26822.51867307218,25049.766216677293,23278.22775486869,21507.903294771066,19738.79282651776,17970.896353244156,16797.983214679345,15625.930438899026,14454.738020458852,13284.405968512185,12114.934273919902,11563.48930082429,11012.44702605902,10461.80744800201,9911.570568379928,9361.736384488016,9085.367356581482,8809.194962419495,8533.21921299928,8257.440102944805,7981.857626712899,7871.003080388405,7760.208265863797,7649.473195126413,7538.797856178647,7428.182257260901,7328.509809270381,7228.8785734797775,7129.288554327326,7029.739743595965,6930.232149555772,6830.811801562631,6731.433168258858,6632.096249578636,6532.801045608984,6433.547554507362,6394.81887882378,6356.077762394428,6317.324215321715,6278.558224782104,6239.77980184121,6201.016263857819,6162.240568833246,6123.4527204517535,6084.65271877944,6045.840563740448,6008.626404520485,5971.410523556772,5934.192918905269,5896.973592575288,5859.752542494624,5822.493246138081,5785.2318687464685,5747.968409332125,5710.702869914412,5673.435248441569,5601.819980288534,5530.20352071854,5458.585868723095,5386.967026302731,5315.346991510506,5243.725767378801,5172.103351837406,5100.479743929432,5028.854945574458,4957.228954801672
"C-ROADS-5.005","Ratchet-1.5-noCDR-noOS","World","AR6 climate diagnostics|Infilled|Emissions|Kyoto Gases (AR6-GWP100)","Mt CO2-equiv/yr",54308.53154123,54117.45863423781,53926.38799617685,53735.31962114125,53544.25351803516,53353.18966526649,50884.16569216228,48416.19712306772,45949.28395673616,43483.42620432137,41018.62385606672,37116.59349321253,33215.0785280117,29314.07896289157,25413.594795672783,21513.62603162061,19431.882109292776,17350.447620065792,15269.32256082852,13188.506934090465,11108.000742446811,10065.437141465372,9023.24366327038,7981.420308465398,6939.967073154678,5898.8839638700965,5447.865487236435,4997.131450210373,4546.681847978891,4096.516682582588,3646.635954809517,3523.034901251963,3399.736160650451,3276.739734713477,3154.045618988746,3031.6538207169024,2994.184491606952,2956.8581267656705,2919.67472057456,2882.63427681621,2845.7367945372475,2822.886517362829,2800.1841667741105,2777.629742782173,2755.223246454902,2732.964676439254,2707.813290415351,2682.851395744859,2658.078996442136,2633.496090298254,2609.1026773094704,2587.1684221249416,2565.424650560273,2543.8713646075457,2522.508558170885,2501.336234325048,2474.84280951858,2448.564057982722,2422.499972608164,2396.650562325986,2371.015821279589,2345.144810877989,2319.487751164021,2294.044640618772,2268.815479762491,2243.8002680727723,2269.71176075363,2295.618083597937,2321.519236553894,2347.415219637411,2373.3060331414376,2398.2071892992853,2423.105547467485,2448.001108459743,2472.8938718929016,2497.7838377918606,2513.377319489652,2528.9701951491543,2544.5624665897944,2560.1541300434374,2575.745189957298,2590.062035207996,2604.381089327824,2618.7023512193314,2633.0258197107987,2647.351498534217
"MESSAGEix-GLOBIOM_1.2","COV_NoPolicyNoCOVID_550","World","AR6 climate diagnostics|Infilled|Emissions|Kyoto Gases (AR6-GWP100)","Mt CO2-equiv/yr",54308.53154123,54775.68398716013,55242.99701973302,55710.47062718544,56178.10482391877,56645.89960250453,51132.58567490676,47361.63255210906,43974.69886196909,40994.54062800389,38768.29849641455,35915.01575394218,33060.106776168315,30203.57155198846,27345.410071900205,24485.622362483304,23161.73514963247,21836.879631990567,20511.055804339805,19184.263661203964,17856.503206110137,16826.847144827883,15796.622637689114,14765.829683350576,13734.46828299058,12702.538438669462,12003.88562731134,11304.960291643449,10605.762434569557,9906.292055624264,9206.54915812703,8668.464658620043,8130.288737981223,7592.021396595474,7053.662631695905,6515.212448813245,6303.794516811136,6092.320602219554,5880.790704436813,5669.204823677693,5457.562961292291,5474.776472856476,5492.087506932581,5509.496064303137,5527.002141575783,5544.605744218628,5557.523477311667,5570.544506533987,5583.668839013356,5596.896468900556,5610.227400627617,5623.729019391916,5637.334575368116,5651.044067921276,5664.857496492316,5678.774860413696,5687.63967619084,5696.679948259884,5705.895678613868,5715.286868396652,5724.853516449596,5734.55944393134,5744.440503752664,5754.496694501468,5764.728016867372,5775.134471524385,5784.203397335144,5793.269885550211,5802.333943592979,5811.395566660068,5820.454757304456,5829.612802127845,5838.769432182272,5847.924642678011,5857.078432853199,5866.230806472027,5867.784888643821,5869.338890175086,5870.892807638479,5872.446642844265,5874.000396001179,5875.736000658664,5877.4732583446375,5879.212168650002,5880.952734844278,5882.694950447142
"REMIND-MAgPIE 2.1-4.2","EN_NPi2020_600f_COV","World","AR6 climate diagnostics|Infilled|Emissions|Kyoto Gases (AR6-GWP100)","Mt CO2-equiv/yr",54308.53154123,54039.07853547734,53770.12075535442,53501.65819647365,53233.69086610238,52966.21875108324,50829.79545580969,48694.72625182018,46561.011120463016,44428.65007479727,42297.64311027837,40990.5524703857,39684.71228806607,38380.1225502488,37076.78326439936,35774.69443323822,34450.254867340474,33127.34276803629,31805.95814095884,30486.100977813338,29167.77128130792,28230.69647648525,27294.80345235251,26360.092196105583,25426.56270057977,24494.21497572257,23731.99288600782,22970.807149786586,22210.65778881387,21451.544781402885,20693.46815470602,19893.565055854306,19094.71650118278,18296.9224839826,17500.183008758497,16704.498077517954,16035.978172907842,15368.382330358832,14701.71054507926,14035.96282086884,13371.139154886569,12869.40565124444,12368.376700886658,11868.052306578247,11368.432461063176,10869.517168836805,10510.666608815349,10152.30546100181,9794.43373546389,9437.05142749795,9080.158536859191,8723.81469147603,8367.96091524573,8012.597200031631,7657.723551755831,7303.33996369853,7074.48584049584,6845.89898078077,6617.57939118977,6389.52706885648,6161.74201015454,5934.1902056442495,5706.90534136663,5479.8874199274405,5253.13644322963,5026.652408394751,4810.9719275609805,4595.288988385771,4379.6035919735,4163.915736252161,3948.2254222385695,3732.6335269896895,3517.040190665199,3301.44541335197,3085.84919499973,2870.25153556984,2604.44129644996,2338.630969941289,2072.820554082449,1807.0100498358504,1541.1994572436497,1275.57032570426,1009.9428370485196,744.3169912236497,478.6927882870502,213.07022819103048
"IMAGE 3.2","SSP2_SPA1_19I_RE_LB","World","AR6 climate diagnostics|Infilled|Emissions|Kyoto Gases (AR6-GWP100)","Mt CO2-equiv/yr",54308.53154123,54492.321034571694,54676.158400829794,54860.043624523074,55043.976698294886,55227.95764477727,54524.72182878345,53821.73896913375,53119.00903961744,52416.53206368039,51714.30804128101,48545.55563945533,45378.346864752406,42212.6817298646,39048.56021348842,35885.9823239398,33867.23849174013,31849.592511589057,29833.04439689589,27817.59414736431,25803.241750176745,24420.42307920071,23038.25559769352,21656.73930257427,20275.874191325744,18895.66027226036,17670.09106969406,16445.046571509698,15220.526775904067,13996.53168542747,12773.06129752547,11838.030622936069,10903.3282832499,9968.954286309508,9034.908625681912,8101.191302905407,7748.307388053194,7395.50868454952,7042.795189190407,6690.166905048503,6337.623831743391,6089.831404526405,5842.130002569891,5594.519620259326,5347.00026523911,5099.5719288207465,4884.042812093165,4668.6022482068665,4453.250233779927,4237.986770373187,4022.811856530517,3854.052958154415,3685.332550793784,3516.650627517611,3348.0071911852897,3179.402242988457,3268.508187442246,3357.6137121343127,3446.7188237076703,3535.8235155499774,3624.927793265025,3292.856775406892,2960.868514702627,2628.9630054024537,2297.140256161649,1965.400260319465,1878.0238196484152,1790.6456562879134,1703.2657691806132,1615.8841607276718,1528.50082921579,1375.5645752879798,1222.6262372422193,1069.68581744811,916.7433201503296,763.7987393267305,822.97911895558,882.1583084024504,941.336305230159,1000.5131115528898,1059.6887258164606,950.1621527551096,840.6343895583702,731.1054339580697,621.5752869481508,512.0439494988591
"GCAM 5.3","R_MAC_40_n8","World","AR6 climate diagnostics|Infilled|Emissions|Kyoto Gases (AR6-GWP100)","Mt CO2-equiv/yr",54308.53154123,54687.24356191641,55065.58245452133,55443.54823576074,55821.14088576097,56198.36042796767,53140.48974797608,50084.70982722696,47031.02066395443,43979.42225320346,40929.91460941049,38478.267070710506,36027.48499415506,33577.56840182001,31128.51726304065,28680.33160344323,26282.21242765706,23884.78310470476,21488.04362688866,19091.99399295412,16696.63420020576,14217.88938655548,11740.032829021698,9263.06452927126,6786.98448702635,4311.79270498557,4291.628429849769,4271.288036644472,4250.77151624986,4230.0788756291,4209.210106872039,4193.936448934389,4178.565107686191,4163.096084430141,4147.52938480983,4131.865008655381,4071.3276919784,4010.785077314629,3950.2371608882495,3889.6839473873897,3829.1254321647,3805.73447062469,3782.320177234541,3758.88254864774,3735.4215865037895,3711.9372871804894,3693.99340659527,3676.0258654805502,3658.034658342969,3640.019793728091,3621.981266712369,3601.5269927720296,3581.0545006166594,3560.56378298994,3540.0548453902898,3519.527684910009,3498.9499031589903,3478.34930588314,3457.7258958612592,3437.07967204636,3416.4106326993883,3395.104365239129,3373.77315748886,3352.417001590259,3331.0359025494404,3309.62985550525,3305.64914867296,3301.666715344129,3297.6825593303006,3293.69667894043,3289.7090775299803,3281.97608406105,3274.24101057476,3266.5038534586297,3258.7646169463487,3251.023300407721,3239.12010918304,3227.2157273552807,3215.310154219249,3203.40339239295,3191.495432683489,3177.687740470521,3163.87885404696,3150.0687790319403,3136.257508935211,3122.4450510307897
"WITCH 5.0","EN_NPi2020_500","World","AR6 climate diagnostics|Infilled|Emissions|Kyoto Gases (AR6-GWP100)","Mt CO2-equiv/yr",54308.53154123,54465.67796320264,54622.55107864652,54779.150876571024,54935.47736562476,55091.53054551573,50282.12174507423,45477.57634567678,40677.89433485644,35883.075732313635,31093.12051133591,29602.84760848024,28114.087909465565,26626.841431404468,25141.10816434226,23656.888103882684,22378.823513202675,21102.210660506084,19827.049552832734,18553.34017037217,17281.08253315309,16453.716424766902,15627.283507061296,14801.783791308222,13977.217271999472,13153.583949901347,12535.625910055996,11918.275358260196,11301.532298573586,10685.396728283356,10069.868651636189,9576.736158795116,9084.063211757975,8591.849807213486,8100.095952539036,7608.801643412775,7206.515437505682,6804.58909424545,6403.0226115934765,6001.815990649565,5600.969233859141,5418.343997741351,5235.804253487829,5053.350003757408,4870.981248509565,4688.697982288835,4672.808538100095,4656.900625117835,4640.974244328446,4625.029395976966,4609.066078577537,4598.162029850416,4587.25720739573,4576.35160827299,4565.44523390193,4554.538085358819,4544.72901442262,4534.864100617499,4524.94334804565,4514.9667515771,4504.93431180111,4510.44075622331,4515.8790607463,4521.24923160565,4526.551263328191,4531.785160386709,4508.961927860059,4486.133540803709,4463.29999502888,4440.461296485651,4417.61744274234,4397.572671641429,4377.52510323919,4357.47473746403,4337.42157440797,4317.365614215781,4297.89805225415,4278.42988193691,4258.96110701188,4239.49172839879,4220.02174136598,4201.23781399342,4182.45609747824,4163.67658722229,4144.89928413544,4126.12419186033
"GCAM 5.3","R_MAC_50_n8","World","AR6 climate diagnostics|Infilled|Emissions|Kyoto Gases (AR6-GWP100)","Mt CO2-equiv/yr",54308.53154123,54687.243181916405,55065.58170452133,55443.547105760736,55821.13938576097,56198.35854796767,53997.10022650971,51797.47435828973,49599.48095337293,47403.1200009974,45208.39150247316,43638.17876782777,42068.29019986611,40498.72580840676,38929.4856015964,37360.56956627527,35675.86626473895,33991.77316914091,32308.29027270436,30625.41757537588,28943.15508128808,27344.91470590372,25747.06568019287,24149.60799734615,22552.54166992145,20955.8666842691,19294.46266715534,17633.57760742899,15973.21150836061,14313.364364109,12654.03617759278,10951.575653169391,9249.87284445384,7548.92774940065,5848.7403721124,4149.310708954011,4087.424694820941,4025.534770137481,3963.640936663098,3901.7431993672494,3839.8415506303695,3815.23526194864,3790.619933285861,3765.9955542997495,3741.3621373836695,3716.7196709652494,3698.05686669069,3679.37968265203,3660.6881223079095,3641.982186953391,3623.2618714595296,3603.354567002648,3583.4279264112392,3563.481953957879,3543.51664525168,3523.5320040240604,3503.6915251911905,3483.824699331509,3463.9315201708805,3444.0120014631293,3424.066131204929,3402.6277765613995,3381.1638003583494,3359.67419628878,3338.158970283889,3316.61812097612,3310.9218311810296,3305.2238203455,3299.52408506498,3293.8226260958104,3288.1194454598603,3278.7168532782894,3269.31217849537,3259.9054270613,3250.496590098669,3241.0856739163,3227.3048896947994,3213.52291800261,3199.7397509587586,3185.9553980358305,3172.169848323649,3152.8947339414794,3133.618422547831,3114.34092259633,3095.0622312277,3075.7823484027904
"GCAM 5.3","R_MAC_30_n0","World","AR6 climate diagnostics|Infilled|Emissions|Kyoto Gases (AR6-GWP100)","Mt CO2-equiv/yr",54308.53154123,54682.06476773759,55055.15070938491,55427.789362905176,55799.98072848507,56171.72480947647,51415.021833782055,46661.43636334436,41910.9684084096,37163.61795583719,32419.385021627328,28455.831070607008,24493.66261106772,20532.87967501066,16573.482242635848,12615.47031671853,12683.89570459157,12751.70908852484,12818.91045485416,12885.499811740348,12951.47715953639,12968.351905941348,12985.06318889716,13001.61101317004,13017.995373044609,13034.21626923389,13025.28087201896,13016.13918593267,13006.79122212066,12997.236974165438,12987.47644549877,12987.5479769961,12987.417348666138,12987.08456219826,12986.549612853709,12985.81250322983,12936.828829621549,12887.75075985096,12838.578293870702,12789.31143151783,12739.95017007661,12718.53074773677,12697.04631307908,12675.49685736452,12653.882386296911,12632.202899839427,12615.27149970527,12598.28956688659,12581.25710169872,12564.17409834042,12547.0405652032,12526.50122211648,12505.93372450004,12485.338080529027,12464.71428759521,12444.06234555733,12419.943437778207,12395.80417357242,12371.64455028841,12347.46457085619,12323.26423218664,12298.84243754492,12274.38793896616,12249.90073970556,12225.38083409236,12200.82822455042,12202.155550840287,12203.47771271226,12204.79470213745,12206.106518887838,12207.41316838494,12205.44046241758,12203.46495643597,12201.48665582075,12199.505557682429,12197.52165965819,12185.848750339508,12174.17523549293,12162.501114943849,12150.82638899142,12139.15105744636,12123.71170774245,12108.274566134509,12092.83963527441,12077.40690986441,12061.97639245565
"MESSAGEix-GLOBIOM_1.2","COV_GreenPush_550","World","AR6 climate diagnostics|Infilled|Emissions|Kyoto Gases (AR6-GWP100)","Mt CO2-equiv/yr",54308.53154123,54080.24094147254,53851.47097101682,53622.22159776754,53392.492840819126,53162.28470379241,47724.72471177864,43802.00569734224,40920.85027795609,38348.09884793321,36806.50480917593,34469.82959718123,32131.958494639737,29792.891498446406,27452.628601888828,25111.169819059283,23875.05104367359,22638.10121655095,21400.320343019564,20161.7084050016,18922.26542994016,17974.496253314283,17026.257003766554,16077.547675351578,15128.3682731228,14178.718794719422,13437.40625169016,12695.767781223807,11953.803385741136,11211.513062303504,10468.896811843231,9879.974755569385,9290.907403369103,8701.694761982913,8112.336829086925,7522.833603975865,7123.646762742255,6724.307974197355,6324.817230509373,5925.174535800192,5525.379889098051,5518.413403238175,5511.525196722961,5504.715273047177,5497.983632686222,5491.330272192207,5496.760470185487,5502.333656607768,5508.049830726436,5513.908991762656,5519.911141092836,5526.123666969976,5532.479814498356,5538.979588847796,5545.622987724836,5552.410009727556,5562.62133967928,5573.007788583864,5583.569348525728,5594.306027221352,5605.217821736856,5616.26855400612,5627.494071632924,5638.894380792548,5650.469478104232,5662.2193632493645,5667.452237629825,5672.682660691792,5677.91063200566,5683.136151299807,5688.3592196658365,5693.681128215065,5699.001599161292,5704.320635043411,5709.638234336179,5714.954397777166,5715.9119282110805,5716.869367768406,5717.8267159774205,5718.783968629765,5719.7411318798,5720.880136667344,5722.020781184318,5723.163070867243,5724.307000623017,5725.452575396942
"REMIND-MAgPIE 2.1-4.2","NGFS2_Divergent Net Zero Policies","World","AR6 climate diagnostics|Infilled|Emissions|Kyoto Gases (AR6-GWP100)","Mt CO2-equiv/yr",54308.53154123,54420.65491485049,54532.8215200726,54645.03134130468,54757.28439400529,54869.58067255647,52152.17467786074,49435.80964135884,46720.48555585705,44006.20242395418,41292.960237405496,38839.99102564168,36388.34783434614,33938.03065083622,31489.039490625462,29041.37434814345,27422.45580767091,25804.549971507426,24187.65683415096,22571.7763983994,20956.908664203547,19907.62268515891,18859.153085101923,17811.49986310507,16764.663019648142,15718.642550896157,15005.660271245855,14293.286834371498,13581.52223576507,12870.366477139469,12159.81956127247,11615.562098844866,11071.7347192621,10528.337421551509,9985.370206730511,9442.833073583406,9158.279112436194,8873.957467877519,8589.868139985208,8306.011131554103,8022.386436893791,7818.732371298005,7615.198549140691,7411.784976042126,7208.491646534111,7005.318564275945,6898.534041340966,6791.794739384467,6685.100657221126,6578.451796979986,6471.8481604519175,6365.527296224415,6259.252157408184,6153.02274024561,6046.839043695689,5940.7010715174565,5883.511372173245,5826.316479792913,5769.116392810269,5711.911109092179,5654.700630703225,5597.743675120492,5540.781809428027,5483.815029923454,5426.84333664425,5369.866730449666,5304.342242363216,5238.816032587314,5173.288100089812,5107.758444948472,5042.22706602119,4976.18927505958,4910.149403043019,4844.10744900511,4778.063414971731,4712.01729987913,4660.295913460779,4608.573336587449,4556.84956834276,4505.124608618289,4453.39845656166,4401.61144112331,4349.82323427657,4298.03383505147,4246.243245391551,4194.451464317459
"REMIND-MAgPIE 2.1-4.2","SusDev_SSP2-PkBudg900","World","AR6 climate diagnostics|Infilled|Emissions|Kyoto Gases (AR6-GWP100)","Mt CO2-equiv/yr",54308.53154123,54444.190994313845,54579.86115123836,54715.54200235744,54851.23355469317,54986.93580085167,52758.26356167557,50530.9761164021,48305.07344627373,46080.55556760588,43857.42248953757,42074.83661892651,40293.91774634664,38514.66587861961,36737.08100590107,34961.16314014066,33338.95242559688,31718.43566765307,30099.61285894902,28482.48399658791,26867.0490908004,25624.20623272232,24382.83920522696,23142.9480159041,21904.53265975943,20667.59313676277,19625.57445481983,18584.84580833889,17545.407200923022,16507.25863088322,15470.40009624932,14524.55099641402,13579.83161089366,12636.241931196972,11693.78196652351,10752.451711459613,10242.68591681189,9733.50432709798,9224.90693959372,8716.89375162507,8209.46476859484,7897.779545544221,7586.39504383932,7275.31126530024,6964.5282024937,6654.04586379418,6505.66390482639,6357.41807917363,6209.30839241743,6061.334842709841,5913.49743189782,5766.78918089842,5620.21706303767,5473.7810869001705,5327.481249659199,5181.317546742979,5084.88745324953,4988.51042394655,4892.18645954819,4795.91556212238,4699.69772611996,4599.59258723863,4499.540513420991,4399.54150560662,4299.59556280187,4199.70268409144,4053.13302063957,3906.561455389429,3759.98798921882,3613.412620187081,3466.83534941118,3319.6907211924904,3172.544191115889,3025.3957591474104,2878.24542519115,2731.0931894666296,2531.77720532796,2332.46002976433,2133.1416627734097,1933.82210438722,1734.5013546128105,1533.4782222640597,1332.4538986957202,1131.4283835638105,930.4016771841004,729.3737793244094
"IMAGE 3.2","SSP2_SPA1_19I_LIRE_LB","World","AR6 climate diagnostics|Infilled|Emissions|Kyoto Gases (AR6-GWP100)","Mt CO2-equiv/yr",54308.53154123,54483.86893909169,54659.22248863979,54834.59217433309,55009.978024334894,55185.38001302727,54257.22596119794,53329.57825100762,52402.43688814745,51475.80186957618,50549.6731826891,46777.00351949888,43006.37425402094,39237.78538961342,35471.23693082546,31706.72887302585,29315.42091986691,26925.53531288802,24537.07206768716,22150.031170911,19764.412623106746,18412.45409053371,17061.340243126524,15711.071080321268,14361.646597537743,13013.06680242436,11916.041436826055,10819.6534011467,9723.902700772069,8628.78932781947,7534.313289794471,6684.347095444065,5834.769832260902,4985.581504878505,4136.782109255912,3288.371646621408,3002.235435935193,2716.21530038452,2430.311243662407,2144.523262615504,1858.851359263391,1989.1095753614056,2119.488214479892,2249.9872743403257,2380.606756188111,2511.346658460746,2550.4972113571657,2589.741704511867,2629.080144156927,2668.512523302188,2708.038845252517,2819.092318559415,2930.133783638783,3041.1632442026107,3152.1806947402883,3263.1861407504566,3345.1247957362443,3427.086743882313,3509.0719839786702,3591.0805165389784,3673.1123379780256,3554.106635371892,3435.1962706876284,3316.381240965454,3197.66154828065,3079.037193279466,3057.3592972264155,3035.6796792109144,3013.998338721613,2992.315275613672,2970.6304897197897,2995.37514980198,3020.11772910222,3044.85822810811,3069.59664509333,3094.33298106973,3075.81806062058,3057.30194844345,3038.78464771016,3020.2661516818903,3001.74646532146,3012.3008321801103,3022.85400735737,3033.40599419407,3043.9567868311497,3054.5063880288603
"AIM/CGE 2.2","EN_NPi2020_600","World","AR6 climate diagnostics|Infilled|Emissions|Kyoto Gases (AR6-GWP100)","Mt CO2-equiv/yr",54308.53154123,55264.164374420994,56219.6353851601,57174.94456369689,58130.09192295199,59085.0774470792,56142.616910600336,53200.392353171206,50258.40377726218,47316.65116369278,44375.134522220535,42241.14556834763,40107.47469766187,37974.12191365352,35841.0872308149,33708.37063438801,31949.24485531562,30190.447601864296,28431.978881132163,26673.83869315508,24916.02702766961,23568.770965078016,22221.753540796657,20874.974772031623,19528.434651337728,18182.133176456897,17014.41493141755,15846.938766060734,14679.704673600969,13512.712655233025,12345.962713839648,11335.815609770962,10325.917441234513,9316.268207320689,8306.867910943378,7297.716550121292,7282.417410459628,7267.167370482673,7251.966435826019,7236.814601111903,7221.71187176447,7259.813450933901,7297.958737576105,7336.147728493458,7374.380423995151,7412.656823773433,7445.936951709156,7479.260442408858,7512.627295548531,7546.037513938873,7579.491097309096,7610.017702174722,7640.583129122007,7671.187375285744,7701.83044327981,7732.512330398295,7759.059584759305,7785.640514326526,7812.255116252334,7838.903387431635,7865.5853337529725,7888.362155453215,7911.167348727605,7934.000913951076,7956.862850950118,7979.753159834589,7998.305842653256,8016.856802880505,8035.406040227734,8053.953555070852,8072.49934707825,8087.3303744459745,8102.159320971338,8116.986186317953,8131.810970692017,8146.633674084712,8157.652190400793,8168.669515387378,8179.68564883739,8190.700590910234,8201.714341658817,8209.591631498779,8217.46772998877,8225.342637070202,8233.216352695305,8241.088876951835
"REMIND 2.1","R2p1_SSP2-PkBudg900","World","AR6 climate diagnostics|Infilled|Emissions|Kyoto Gases (AR6-GWP100)","Mt CO2-equiv/yr",54308.53154123,54384.42693644385,54460.43939772836,54536.56893549743,54612.81553944316,54689.17921950166,52444.24791507557,50200.4340988921,47957.73777661373,45716.15892734588,43475.69755191757,41828.33516307651,40182.32380019664,38537.66346834961,36894.35418496107,35252.39592919066,33565.67666321688,31880.56092492307,30197.048711429023,28515.14003256791,26834.8348814204,25444.65166632232,24055.99387220696,22668.8615121841,21283.25457567943,19899.17306372277,18884.144077929832,17870.280780678888,16857.583176303022,15846.05126869322,14835.68505056932,13925.26414693402,13015.83014997366,12107.38306032697,11199.92287879351,10293.44960209961,9794.88410865189,9296.83627637398,8799.30610256372,8302.29359550507,7805.79874704484,7516.211307044219,7226.88447128932,6937.81823808024,6649.012600773699,6360.467571474181,6209.04710831639,6057.750844403629,5906.578779527431,5755.530916629839,5604.60725549782,5454.80080706842,5305.11856222767,5155.560520250171,5006.1266738492,4856.817027372979,4759.71325461953,4662.66226481655,4565.66405476819,4468.71862666238,4371.82598046996,4271.04574172863,4170.31828581099,4069.643610806621,3969.0217167818696,3868.45260449144,3713.58895295957,3558.7234006294307,3403.85594637882,3248.9865902670804,3094.11533141118,2938.676716112491,2783.2361989558885,2627.79377890741,2472.3494578711493,2316.9032350666303,2089.38592816796,1861.86743084433,1634.3477420934098,1406.8268619472208,1179.30478941281,950.08033530406,720.8546899757202,491.6278520838102,262.3998239440999,33.17060432440926
"REMIND-MAgPIE 2.1-4.2","EN_NPi2020_400","World","AR6 climate diagnostics|Infilled|Emissions|Kyoto Gases (AR6-GWP100)","Mt CO2-equiv/yr",54308.53154123,54367.08761407541,54425.606275112055,54484.08753116405,54542.53137834556,54600.93780785448,51076.49700380508,47554.71350098011,44035.58729249136,40519.11838231897,37005.30677632712,34390.189675025315,31777.7318585885,29167.93334144777,26560.794106382185,23956.314176105207,22511.116875594777,21067.50532233519,19625.47949805932,18185.039408210065,16746.185057884813,15565.844669803371,14386.93475187838,13209.4553105752,12033.40633671368,10858.787833900096,10394.043181676636,9929.887185126772,9466.31984778269,9003.34117505459,8540.951158375716,8451.555959228564,8362.234254207251,8272.986043328878,8183.811329387347,8094.7101095367025,8187.718259606352,8280.606720351472,8373.375483608761,8466.024552026009,8558.553925699447,8535.67108270863,8512.79418444071,8489.923233371572,8467.058229809103,8444.199170803255,8426.510470292951,8408.813996020059,8391.109747904937,8373.397726102652,8355.67793058947,8338.080963793742,8320.477214697672,8302.866680450745,8285.249363762685,8267.625259210448,8244.68096281378,8221.700556148522,8198.684039506963,8175.631418123386,8152.542684019789,8129.34243162399,8106.105328720221,8082.83137248477,8059.520565702692,8036.172905586773,7981.3476706908305,7926.517265907937,7871.681691261894,7816.8409467686115,7761.995032645438,7707.403404670885,7652.808979706685,7598.211757566543,7543.6117378673025,7489.008920733861,7471.901722138052,7454.793917529154,7437.685507701395,7420.576490861437,7403.466870506898,7386.669849299996,7369.875036962224,7353.0824323961315,7336.292034429999,7319.503845795817
"MESSAGEix-GLOBIOM_1.1","EN_NPi2020_600_COV","World","AR6 climate diagnostics|Infilled|Emissions|Kyoto Gases (AR6-GWP100)","Mt CO2-equiv/yr",54308.53154123,54224.06536326704,54139.31381208336,54054.27688834888,53968.95458427763,53883.34690249392,50632.83036100378,47380.92306959626,44127.62501032003,40872.93620597159,37616.85663848056,35694.74417616505,33771.91028263774,31848.354966386083,29924.07822877867,27999.08005539667,26804.77199401505,25609.6091297365,24413.59146233238,23216.71899740688,22018.99174977357,21056.530882226656,20093.656549316085,19130.368740706694,18166.667454968672,17202.55269542656,16379.26599473982,15555.6079921578,14731.57869271293,13907.17809219023,13082.40619174709,12374.94864882601,11667.251911809086,10959.315979276143,10251.140855507185,9542.726539724532,9055.498614349326,8568.03086616246,8080.323296839265,7592.375901533159,7104.1886881772525,6755.341733490976,6406.327654210552,6057.146453203496,5707.79812367642,5358.282672728805,5386.044045005871,5413.861930044218,5441.736327635585,5469.667237467613,5497.654660256359,5525.766063623266,5553.934616236453,5582.1603195868,5610.443171820487,5638.783177112074,5658.742363585103,5678.852834724583,5699.114592930392,5719.527635044481,5740.09196583625,5760.771400508819,5781.601792022178,5802.583146229127,5823.715454505237,5844.998722003165,5853.107596686442,5861.214012539316,5869.31796910919,5877.419466486246,5885.518505244272,5893.716376843407,5901.912804638263,5910.107788889657,5918.301326909373,5926.493424080407,5919.948964957225,5913.404424550423,5906.859809420822,5900.315113086868,5893.770340745647,5887.407421492944,5881.046161070142,5874.686554913879,5868.328608106378,5861.972317532525
"MESSAGEix-GLOBIOM_1.2","COV_Restore_550","World","AR6 climate diagnostics|Infilled|Emissions|Kyoto Gases (AR6-GWP100)","Mt CO2-equiv/yr",54308.53154123,54104.53211586735,53900.07384508262,53695.15672982884,53489.78078175332,53283.9459989485,49289.94964376337,45063.31702357296,41954.82833995905,39231.30287857813,37424.33946970475,34926.43110578545,32427.23281062889,29926.74458814981,27424.96642742077,24921.898343678684,23667.108556971933,22411.39020615209,21154.743274393502,19897.16776633296,18638.66367608941,17690.87843976068,16742.613606349292,15793.869177021095,14844.64514971092,13894.941529471722,13157.38820307722,12419.543083057388,11681.406168979996,10942.977461206025,10204.256955633791,9606.871789871842,9009.314082135164,8411.583832091654,7813.681040276185,7215.605703937726,6852.698177302655,6489.6721236788735,6126.527542570074,5763.264437475653,5399.882806726711,5416.880199227036,5433.968364046121,5451.147301191257,5468.417010296702,5485.777491265327,5493.651053654927,5501.656099021127,5509.792634635795,5518.060653763856,5526.460159235716,5535.058536506996,5543.789040324976,5552.651665496856,5561.646413238796,5570.773285673256,5582.91085296942,5595.214777136323,5607.685054314008,5620.321686911952,5633.124673520656,5646.057834284001,5659.157024175764,5672.422241993849,5685.853486154872,5699.450758613226,5705.607909932304,5711.762604622752,5717.9148473662,5724.064631864408,5730.211965689596,5736.458133199464,5742.702864914812,5748.946154521532,5755.188006885999,5761.428418088547,5765.086271712761,5768.744033936106,5772.40170524762,5776.059288921185,5779.716782675539,5783.556117996504,5787.397101072998,5791.239728991163,5795.083999608657,5798.929917610022
"MESSAGEix-GLOBIOM_1.1","NGFS2_Divergent Net Zero Policies","World","AR6 climate diagnostics|Infilled|Emissions|Kyoto Gases (AR6-GWP100)","Mt CO2-equiv/yr",54308.53154123,54224.92499703585,54141.03334421195,54056.85658349128,53972.39470705954,53887.64771750644,50511.17703292496,47133.14651439583,43753.55616935716,40372.40599044343,36989.69598263043,34925.99147210187,32861.38387226776,30795.87318061304,28729.45939093717,26662.14251344012,25373.59409821531,24084.12307193052,22793.72943902178,21502.413183045584,20210.174323056865,19250.37130594581,18290.15877211868,17329.53672495224,16368.505153947004,15407.06406988675,14635.682005173792,13863.986355039304,13091.977116122447,12319.65429486165,11547.01788583212,10873.73048045716,10200.23682100804,9526.53691304672,8852.630757016666,8178.518347600966,7745.439084494922,7312.226841130647,6878.881611680164,6445.403402545308,6011.792212901964,5848.448099801859,5685.183187000474,5521.997480865469,5358.890975730284,5195.863670324358,5213.768668572282,5231.769594401185,5249.866450594269,5268.059235868111,5286.347950555763,5304.800058264046,5323.348737132849,5341.993981732132,5360.735791823835,5379.574167941998,5386.568562037736,5393.750215579074,5401.119128030652,5408.675299858551,5416.418730352859,5424.313239344717,5432.394678625255,5440.663049292993,5449.118354374731,5457.7605892333495,5462.667830440873,5467.572619292506,5472.474958045091,5477.374843697434,5482.272277952107,5487.268552179091,5492.263390181824,5497.256793134708,5502.248758167812,5507.239287442846,5513.73733867229,5520.235284013995,5526.733128959099,5533.230869630185,5539.72850698491,5546.407971197154,5553.08907031378,5559.771800184585,5566.45615865497,5573.142151197955
"REMIND-MAgPIE 2.1-4.2","EN_NPi2020_500","World","AR6 climate diagnostics|Infilled|Emissions|Kyoto Gases (AR6-GWP100)","Mt CO2-equiv/yr",54308.53154123,54372.26640825423,54436.03803024848,54499.84641401961,54563.69155562145,54627.57344634568,51587.10470160592,48548.71280517367,45512.39776576096,42478.15957760185,39445.99823805584,37253.831894882256,35063.734733924764,32875.70675358505,30689.74796819204,28505.858357860816,27145.371636347827,25786.32330545311,24428.71334249842,23072.541762931112,21717.808558502755,20553.779362733367,19391.150323627804,18229.92144542021,17070.092722828515,15911.664163104317,15034.702168158025,14158.840546089014,13284.079294120073,12410.418413255691,11537.857903474309,10996.889220664025,10456.562196046723,9916.87682043925,9377.833099051742,8839.431026740676,8764.616000022243,8689.8918442732,8615.258570616434,8540.716173486991,8466.264655558027,8456.232106549529,8446.182536843102,8436.115954645085,8426.032351872558,8415.93173380542,8401.201279537989,8386.452151192638,8371.684348682587,8356.897869318476,8342.092710260285,8327.392557848763,8312.674229364939,8297.937727487075,8283.183049482112,8268.410195213457,8241.485406802403,8214.533280528078,8187.553816512074,8160.547017518279,8133.512886239033,8106.493195570242,8079.44644895035,8052.372651945977,8025.271796228424,7998.143890231222,7949.993604459869,7901.841595978474,7853.68786478888,7805.5324109200355,7757.375234321693,7709.182926527273,7660.988537719364,7612.792067880914,7564.593517041246,7516.392885245898,7496.383207247903,7476.3723378455,7456.360277015506,7436.34702477136,7416.332581133097,7396.317792859817,7376.301813206105,7356.284642141995,7336.266279675265,7316.2467257698945
"MESSAGEix-GLOBIOM_1.1","NGFS2_Net-Zero 2050","World","AR6 climate diagnostics|Infilled|Emissions|Kyoto Gases (AR6-GWP100)","Mt CO2-equiv/yr",54308.53154123,54224.065363270645,54139.31381210855,54054.27688840288,53968.954584339335,53883.34690251502,50571.54814228943,47258.26986348236,43943.51207606829,40627.27477298999,37309.557961006925,35348.78085682506,33387.21279342874,31424.85377100376,29461.703794661425,27497.762867975005,26292.71289938189,25086.81324498188,23880.063904934992,22672.464879292,21464.016168018323,20528.15613714464,19591.931037202263,18655.3408585931,17718.385606801105,16781.06528313662,15968.257561436676,15155.11057105322,14341.624310455976,13527.798778853044,12713.633976047897,12024.314225975597,11334.796518861853,10645.080851004092,9955.16722243411,9265.055639634467,8768.401567414556,8271.521782315584,7774.416285352985,7277.085073620574,6779.528147126063,6490.336904296578,6201.005290076873,5911.533301765037,5621.920939401252,5332.168205137828,5354.243206010799,5376.402364800651,5398.645676663023,5420.973142515655,5443.384765144607,5465.94800902729,5488.596043209982,5511.328873943434,5534.146493697226,5557.048908354418,5572.81647925481,5588.74577575318,5604.836801015322,5621.089552273874,5637.504030592404,5654.044058033806,5670.745488183357,5687.608315747868,5704.63254441751,5721.818172835701,5730.558824682551,5739.297021176431,5748.032754911879,5756.766030736539,5765.496849206769,5774.326498180209,5783.154704049438,5791.981465841237,5800.806787292727,5809.630661380766,5819.028063113017,5828.425385344948,5837.8226326101785,5847.219799119831,5856.616887154041,5866.195830490472,5875.776430378703,5885.358689803874,5894.942602853605,5904.528172539756
"REMIND-MAgPIE 2.1-4.2","CEMICS_SSP1-1p5C-minCDR","World","AR6 climate diagnostics|Infilled|Emissions|Kyoto Gases (AR6-GWP100)","Mt CO2-equiv/yr",54308.53154123,54281.34508618181,54254.42368450436,54227.76732814758,54201.376015301015,54175.24974769924,51282.56572694761,48391.54650096183,45502.19205712066,42614.50241824851,39728.47757425572,37973.71831423952,36220.38947683312,34468.49105108137,32718.023027916937,30968.985431948,29526.32934196875,28084.97306961665,26644.91659329108,25206.15992239786,23768.70306668357,22474.703484969494,21181.91713129089,19890.34400223606,18599.98407538656,17310.837376974756,16406.110496644946,15502.239103366626,14599.223189848452,13697.062756053783,12795.7578058235,12192.65660783309,11590.06284151822,10987.97650154421,10386.397591758529,9785.326110110816,9508.185837252482,9231.222988946696,8954.43756718588,8677.829572783605,8401.399001914098,8171.124849788805,7940.957763267598,7710.897744937412,7480.944798827047,7251.098918350502,7084.16458164898,6917.288548918577,6750.470820533125,6583.711398521764,6417.010280998771,6250.41350409363,6083.875529226858,5917.396364867836,5750.9760023901845,5584.614447752562,5463.74371748358,5342.898816461828,5222.079742307515,5101.286494644502,4980.51907639801,4859.804806090218,4739.116646746044,4618.454596026153,4497.81865404624,4377.208823024848,4275.608358566486,4174.006171289571,4072.402261374469,3970.796628706087,3869.189273412224,3767.543670692081,3665.895987087268,3564.246222409325,3462.5943766532123,3360.940449967169,3294.601631320135,3228.26162158134,3161.920419591894,3095.5780272027314,3029.234442416506,2962.889668316001,2896.543702805806,2830.196544903832,2763.848196580057,2697.4986558132723
"WITCH 5.0","EN_NPi2020_450","World","AR6 climate diagnostics|Infilled|Emissions|Kyoto Gases (AR6-GWP100)","Mt CO2-equiv/yr",54308.53154123,54465.67796320264,54622.55107864652,54779.150876571024,54935.47736562476,55091.53054551573,50032.68731397423,44979.00212956278,39930.47497503834,34887.10585873437,29848.894776424808,28148.94942191962,26450.786447656086,24754.405846396967,23059.80762558061,21366.991777832725,20129.691817779592,18893.797815157584,17659.309763125133,16426.227665566214,15194.551522541891,14449.951850158504,13706.191865292496,12963.271565814182,12221.190954864594,11479.950027062629,10837.679409353515,10196.052416870638,9555.069048876649,8914.729309990538,8275.033198127187,7801.648559942917,7328.737747454175,6856.300765387687,6384.337607667437,5912.848279812375,5655.385282664883,5398.08884370065,5140.958959886676,4883.995636658566,4627.198865325142,4633.344658319951,4639.326157475829,4645.143364775007,4650.796278509566,4656.284900877635,4648.316184631095,4640.321893942035,4632.302025850846,4624.256584560566,4616.185564577337,4606.138425062216,4596.094023510331,4586.052358174789,4576.01342771053,4565.97723628202,4550.31482614528,4534.61091066844,4518.86548386849,4503.078549892441,4487.25010740515,4467.16117846223,4447.02855183328,4426.85222264447,4406.63219554207,4386.36846659403,4361.63786212444,4336.902086766751,4312.161142303181,4287.41502719581,4262.663743264339,4241.12033218143,4219.57412200719,4198.02511625003,4176.47331142197,4154.91871197478,4139.057769180149,4123.19621802991,4107.334065061879,4091.4713053427895,4075.60794126698,4046.06440051342,4016.52306910024,3986.98394546329,3957.44702899544,3927.9123215493296
"REMIND-MAgPIE 2.1-4.2","EN_NPi2020_600","World","AR6 climate diagnostics|Infilled|Emissions|Kyoto Gases (AR6-GWP100)","Mt CO2-equiv/yr",54308.53154123,54429.16614556942,54549.83750458476,54670.54562573038,54791.29050444662,54912.07213245244,52267.9423177618,49625.43470808439,46984.54932319854,44345.28614332137,41707.64517570686,39732.19672022539,37758.50892936838,35786.58180779127,33816.4153382011,31848.009537887458,30514.753613863748,29182.89557539899,27852.43541708376,26523.37312444948,25195.70871737218,24225.241655557296,23255.92089654869,22287.74643299106,21320.71827949776,20354.83643424416,19488.170430509348,18622.595547539026,17758.111779558854,16894.719134842184,16032.417601399902,15167.64317803429,14303.90881076902,13441.21449213201,12579.560225809928,11718.946018348017,11292.068142371483,10865.715357249495,10439.88766500928,10014.585058144805,9589.8075438129,9376.460089408403,9163.343456273797,8950.457647086412,8737.802656388649,8525.3784896709,8503.62802847038,8481.865791849777,8460.091774307324,8438.305978665963,8416.508402055772,8394.74508397263,8372.970488538858,8351.184612858635,8329.387459848984,8307.579029337363,8281.84120267378,8256.072135914428,8230.271829381714,8204.440285452103,8178.57750447121,8152.710801947818,8126.8131440332445,8100.884528051753,8074.92495396944,8048.934424540449,8007.074577780485,7965.213008276772,7923.349716085269,7881.484701215287,7839.617963594624,7797.712978698081,7755.805912766467,7713.896765812125,7671.9855378544125,7630.072228941569,7610.637111128534,7591.20080189854,7571.763301243094,7552.324609162731,7532.884725710505,7513.443651918801,7494.001386717406,7474.557930149433,7455.113282134456,7435.667442701672
"IMAGE 3.2","SSP2_SPA1_19I_D_LB","World","AR6 climate diagnostics|Infilled|Emissions|Kyoto Gases (AR6-GWP100)","Mt CO2-equiv/yr",54308.53154123,54496.669456301686,54684.865312919785,54873.11913391308,55061.430890824886,55249.80060192727,54461.20603049228,53672.864362231005,52884.775588795535,52096.93969969211,51309.35671094694,48237.561770618944,45167.11109839471,42098.00470230879,39030.242568836285,35963.82471658861,34029.91107840431,32096.96516510906,30164.98699720793,28233.97656167523,26303.933868506745,25001.44856354071,23699.526613501523,22398.16799864427,21097.372738422742,19797.14081284236,18729.629404258056,17662.5142308047,16595.79529798607,15529.47259852847,14463.54613897447,13481.644256397069,12500.0457224829,11518.750544074504,10537.758717411913,9557.070244269407,9184.125760490197,8811.26910331752,8438.500273164407,8065.819275147503,7693.22610380639,7410.147799881405,7127.107100779891,6844.104011366327,6561.138530333111,6278.210657453746,6228.884265098166,6179.589452027867,6130.326212587926,6081.094552129187,6031.894469258516,5846.266149842415,5660.665388819783,5475.092179713611,5289.546527202288,5104.028427868456,5152.161774516245,5200.314647656314,5248.48704449867,5296.678962283978,5344.890409070025,5153.027579174892,4961.212231540629,4769.444370577454,4577.723990990649,4386.051096216465,4443.545452168415,4501.038083913914,4558.528995429613,4616.018184326673,4673.50564664779,4449.32012461998,4225.132521810219,4000.9428379791098,3776.75107564433,3552.5572297837307,3596.666009109579,3640.77359670745,3684.87999323216,3728.98519797889,3773.089211393459,3634.5449113761097,3495.9994189503705,3357.45273612107,3218.9048618821503,3080.3557931408595
"COFFEE 1.1","EN_NPi2020_400","World","AR6 climate diagnostics|Infilled|Emissions|Kyoto Gases (AR6-GWP100)","Mt CO2-equiv/yr",54308.53154123,54253.504734712646,54198.26984102652,54142.82685743103,54087.17579426477,54031.316654085735,50501.62805629423,46971.48906183278,43440.89968794634,39909.85991963237,36378.36977463581,34389.357371985614,32400.020614276087,30410.35950175297,28420.37403716161,26430.064207820724,25452.109003747595,24474.538865958584,23497.353782032133,22520.55377436921,21544.13882778689,20720.625311669504,19896.97838359649,19073.19803398917,18249.2842649546,17425.237076418627,16358.774273366516,15291.994220206636,14224.896921172647,13157.482373122535,12089.750575698186,11633.042154737916,11177.086849249175,10721.884656832686,10267.435580655436,9813.739614849375,9741.59003301388,9669.608035365649,9597.793627614676,9526.146804309565,9454.667570636142,9384.24910365595,9314.003020830827,9243.929324943008,9174.028010794564,9104.299083346636,9036.857575329095,8969.547518423034,8902.368906576845,8835.321745812565,8768.406035843336,8701.928706629216,8635.58381687133,8569.37136661279,8503.29135316453,8437.34377618202,8361.47207585928,8285.75683660344,8210.19805846549,8134.79574117544,8059.54988798815,7984.24674648323,7909.099325675279,7834.10761990047,7759.27163486807,7684.59136485603,7634.25935451144,7583.92217427875,7533.579824386181,7483.232304403809,7432.879611807341,7382.89105644243,7332.899703776189,7282.905553637029,7232.908606589969,7182.90885907078,7136.69791616915,7090.48636518491,7044.27421110988,6998.06144866679,6951.84808096698,6905.92891755042,6860.01195941124,6814.097209594291,6768.18467036344,6722.27433646433
"REMIND-MAgPIE 2.1-4.2","CEMICS_SSP2-1p5C-minCDR","World","AR6 climate diagnostics|Infilled|Emissions|Kyoto Gases (AR6-GWP100)","Mt CO2-equiv/yr",54308.53154123,54403.95323293509,54499.56507500127,54595.36705284278,54691.359175392296,54787.541446347714,51896.65437541435,49006.81426579315,46118.021113882365,43230.27491731494,40343.575679208814,38090.63751826292,35838.98423852388,33588.615830839386,31339.53231248205,29091.73365797276,27599.44945664743,26108.10844877813,24617.7106187924,23128.25598232874,21639.74451646248,20819.91724078791,20000.67072845771,19182.00497054844,18363.91997308992,17546.415734970862,17076.249553548536,16606.441167281206,16136.990569934836,15667.89776595794,15199.16274713226,14786.873443074985,14374.874841674404,13963.166942331209,13551.749744972258,13140.62325133518,12827.692311682462,12514.974213355605,12202.468954310383,11890.176531751997,11578.09694676944,11301.65151608754,11025.380527249965,10749.283976394883,10473.361863601507,10197.614186005649,10029.91803439119,9862.314149498665,9694.802532041876,9527.38318195904,9360.056099262332,9192.431227144843,9024.899123162748,8857.459787209702,8690.113222167796,8522.8594251717,8489.7469017343,8456.62139171656,8423.48289539997,8390.33140989775,8357.16693798897,8323.29895015327,8289.41825782655,8255.52486378161,8221.618759567531,8187.69995076237,8139.59325705825,8091.4852114282,8043.37581394156,7995.265064524669,7947.15296317228,7898.78591586758,7850.41715832601,7802.04669060319,7753.6745125937105,7705.300624244,7689.63592419376,7673.9704061367,7658.304069973429,7642.63691571809,7626.96894341871,7610.42222418545,7593.874686838721,7577.326331431439,7560.777158015399,7544.227166476119
"REMIND-MAgPIE 2.1-4.2","NGFS2_Net-Zero 2050 - IPD-median","World","AR6 climate diagnostics|Infilled|Emissions|Kyoto Gases (AR6-GWP100)","Mt CO2-equiv/yr",54308.53154123,54281.737854654224,54254.99386913848,54228.29956863961,54201.65496654146,54175.06005965569,51096.61289341593,48019.37688396366,44943.35205280096,41868.53838410185,38794.93587522584,36497.35033574226,34201.11384049476,31906.22640503505,29612.68802654204,27320.498695130813,25950.395207277823,24581.20162896311,23212.91793198842,21845.54413628111,20479.08023015276,19491.342983133363,18504.406790377805,17518.271637680205,16532.937535468514,15548.404477224316,14756.101040568024,13964.477627519012,13173.534235420071,12383.27086688569,11593.68752207431,10991.222889044022,10389.234094066724,9787.72113840925,9186.684023911745,8586.122750717677,8313.275254372244,8040.646033703199,7768.235091606436,7496.042427666992,7224.068043288027,7109.905297199529,6995.786786893102,6881.712504115085,6767.682457142558,6653.69664214542,6626.648382547989,6599.580289272639,6572.492367852587,6545.384615558476,6518.257031380285,6491.233292618762,6464.190226434938,6437.127832897075,6410.046106462111,6382.945047053459,6367.161610702403,6351.3382367180775,6335.474928762074,6319.571686688279,6303.628509829034,6287.6871771902415,6271.70619062035,6255.685554585976,6239.625265648425,6223.525321731223,6182.239909649868,6140.952775858474,6099.66391935888,6058.373340180036,6017.081037271692,5975.753604167273,5934.424090049364,5893.092493900915,5851.758817751246,5810.423060545896,5756.299705027902,5702.175159105498,5648.049421755505,5593.922492991361,5539.794371833097,5485.665907039817,5431.536250866106,5377.405402281996,5323.273363295265,5269.140132869893
"GEM-E3_V2021","EN_NPi2020_500","World","AR6 climate diagnostics|Infilled|Emissions|Kyoto Gases (AR6-GWP100)","Mt CO2-equiv/yr",54308.53154123,54960.64070533695,55612.01843645662,56262.66471828584,56912.579559731166,57561.762961658525,54143.13064286516,50758.88189553186,47376.51752149109,43995.85328286029,40616.65155649015,38474.50174108658,36333.32575832072,34193.123621509665,32053.895308154413,29915.6408331035,27507.85758728927,25101.534309874965,22696.67100094981,20293.26765766756,17891.324292988338,16306.520973589282,14722.414240007514,13139.004095504975,11556.29053540698,9974.273565836864,8913.60703611934,7853.352911698049,6793.511186097756,5734.081864679064,4675.064944862432,4793.408587562642,4911.503432030023,5029.349480899874,5146.946733647505,5264.295190194045,5350.284706337135,5436.125805181555,5521.818486867813,5607.362752908892,5692.758599751492,5778.639961568676,5864.386590542581,5949.998487506136,6035.4756525335815,6120.818085055227,6173.298438877468,6225.694853870988,6278.007331583556,6330.235867955956,6382.380463840215,6453.607634505316,6524.727276141116,6595.7393896548765,6666.643974697516,6737.441031727496,6805.362357653639,6873.155541466484,6940.820583419468,7008.357481295252,7075.766239762996,7116.18926373214,7156.518063557063,7196.752631249468,7236.892975545571,7276.939090094184,7319.821937198343,7362.7023484338115,7405.58032568178,7448.455869004467,7491.328978854056,7526.1377190010435,7560.945037748672,7595.750941778011,7630.555423461598,7665.358490588826,7712.082267876221,7758.805966250085,7805.52958007688,7852.253114288265,7898.976563387779,7940.733402331264,7982.491891165438,8024.252035509002,8066.013832826276,8107.777279677342
"MESSAGEix-GLOBIOM_1.1","EN_NPi2020_500","World","AR6 climate diagnostics|Infilled|Emissions|Kyoto Gases (AR6-GWP100)","Mt CO2-equiv/yr",54308.53154123,54628.38804630374,54948.259545682224,55268.14602583844,55588.04748462757,55907.96394122733,52003.68058387372,48097.53405560368,44189.52435362027,40279.65147788765,36367.915422770246,33797.114675566794,31225.10095447666,28651.874260130568,26077.434582974107,23501.78194265681,22286.46428731617,21070.327267282268,19853.370883212447,18635.595128216723,17417.0000082212,16474.49239404964,15531.529714258257,14588.111968762016,13644.23915747362,12699.911282719024,11964.16150730188,11228.147039503348,10491.867879898577,9755.324029302545,9018.515487229952,8501.285938495183,7983.999994077662,7466.657656707914,6949.258921519805,6431.803793380304,6186.655589004655,5941.457413752774,5696.2092697081125,5450.911154427312,5205.563069813851,5226.878652645116,5248.267892694681,5269.730788220697,5291.267341432942,5312.877553448767,5341.667836032107,5370.499096539607,5399.371331607516,5428.284539807755,5457.238724782356,5486.301274965316,5515.405435014296,5544.551207301736,5573.738593043797,5602.967592650696,5617.6714995913,5632.522667134024,5647.521095467148,5662.666784741912,5677.959737604436,5693.36376833084,5708.914732917045,5724.612630943568,5740.457466163032,5756.449231123445,5762.835175862684,5769.218677844592,5775.59973285694,5781.978340103728,5788.354504430175,5794.829514998743,5801.303091211092,5807.775240647491,5814.245959265699,5820.715244020666,5823.926366397301,5827.137413731206,5830.34838161404,5833.559271844445,5836.7700846237785,5840.162754420485,5843.557081758238,5846.953066398422,5850.350709196076,5853.750009163122
" AR6 Scenario Explorer and Database hosted by IIASA https://data.ece.iiasa.ac.at/ar6"